epoch,train_loss,train_f1_average,val_loss,val_f1_average
001,0.21873,0.10248,0.06397,0.18759
002,0.03441,0.32851,0.01761,0.47608
003,0.01420,0.54843,0.01000,0.61171
004,0.00895,0.65518,0.00690,0.69243
