epoch,train_loss,train_f1_average,val_loss,val_f1_average
001,0.02273,0.60385,0.00300,0.81642
002,0.00236,0.88159,0.00146,0.93805
003,0.00118,0.93662,0.00090,0.95331
004,0.00085,0.95582,0.00073,0.97052
