epoch,train_loss,train_f1_average,val_loss,val_f1_average
001,0.70712,0.00548,0.70358,0.00568
002,0.69972,0.00570,0.69606,0.00590
003,0.69220,0.00608,0.68851,0.00641
