epoch,train_loss,train_f1_average,val_loss,val_f1_average
001,0.65617,0.01644,0.61021,0.02357
002,0.55350,0.02750,0.49100,0.03157
003,0.43931,0.03519,0.38877,0.03855
