epoch,train_loss,train_f1_average,val_loss,val_f1_average
001,0.59245,0.02199,0.42810,0.04165
002,0.28980,0.06399,0.19719,0.08446
003,0.14947,0.10298,0.11539,0.12314
004,0.09441,0.14116,0.07537,0.16445
