epoch,train_loss,train_f1_average,val_loss,val_f1_average
001,0.06870,0.00674,0.67670,0.00754
001,0.06867,0.00669,0.67726,0.00754
001,0.06867,0.00670,0.67725,0.00761
001,0.06866,0.00669,0.67698,0.00759
002,0.06709,0.00825,0.65685,0.01011
002,0.06706,0.00829,0.65672,0.01005
002,0.06710,0.00828,0.65705,0.01021
002,0.06708,0.00815,0.65761,0.01011
