epoch,train_loss,train_f1_average,val_loss,val_f1_average
001,0.01131,0.73966,0.00175,0.91046
002,0.00174,0.91945,0.00091,0.94221
003,0.00076,0.95932,0.00079,0.96939
004,0.00047,0.97312,0.00079,0.98458
